{
    "dataset_rows": 1000,
    "cover_type_balance": {
        "7": 0.159,
        "6": 0.157,
        "4": 0.152,
        "2": 0.141,
        "1": 0.134,
        "5": 0.132,
        "3": 0.125
    },
    "top_5_soil_types": {
        "33": 0.034,
        "30": 0.033,
        "5": 0.031,
        "38": 0.03,
        "6": 0.03
    },
    "elevation_mean": -1.525878978725359e-08,
    "elevation_std": 1.000500202178955
}