{
    "dataset_rows": 15120,
    "elevation_mean": 2749.32275390625,
    "elevation_std": 417.6775207519531,
    "top_5_soil_types": {
        "10": 0.14166666666666666,
        "29": 0.08538359788359788,
        "3": 0.06362433862433862,
        "4": 0.05575396825396826,
        "23": 0.050066137566137564
    }
}