{
    "dataset_rows": 15120,
    "cover_type_balance": {
        "5": 0.14285714285714285,
        "2": 0.14285714285714285,
        "1": 0.14285714285714285,
        "7": 0.14285714285714285,
        "3": 0.14285714285714285,
        "6": 0.14285714285714285,
        "4": 0.14285714285714285
    },
    "top_5_soil_types": {
        "10": 0.14166666666666666,
        "29": 0.08538359788359788,
        "3": 0.06362433862433862,
        "4": 0.05575396825396826,
        "23": 0.050066137566137564
    },
    "elevation_mean": 0.0,
    "elevation_std": 1.0000327825546265
}